station_complex,year,month,day_type,ridership
"59 St-Columbus Circle (A,B,C,D,1)",2022,2022-02-01,1,756558
"Grand Central-42 St (S,4,5,6,7)",2023,2023-09-01,1,2200906
"34 St-Penn Station (1,2,3)",2022,2022-06-01,1,944805
"Times Sq-42 St (N,Q,R,W,S,1,2,3,7)/42 St (A,C,E)",2022,2022-08-01,1,2510510
"74-Broadway (7)/Jackson Hts-Roosevelt Av (E,F,M,R)",2021,2021-09-01,1,704852
"59 St-Columbus Circle (A,B,C,D,1)",2021,2021-06-01,1,609174
"74-Broadway (7)/Jackson Hts-Roosevelt Av (E,F,M,R)",2024,2024-05-01,1,1072613
"74-Broadway (7)/Jackson Hts-Roosevelt Av (E,F,M,R)",2023,2023-10-01,1,1046900
Flushing-Main St (7),2022,2022-11-01,1,866101
"74-Broadway (7)/Jackson Hts-Roosevelt Av (E,F,M,R)",2022,2022-05-01,1,808669
"Fulton St (A,C,J,Z,2,3,4,5)",2024,2024-04-01,1,1358355
"Times Sq-42 St (N,Q,R,W,S,1,2,3,7)/42 St (A,C,E)",2024,2024-04-01,1,3108845
"34 St-Herald Sq (B,D,F,M,N,Q,R,W)",2020,2020-10-01,1,692479
"34 St-Penn Station (A,C,E)",2022,2022-02-01,1,691235
"34 St-Penn Station (A,C,E)",2023,2023-12-01,1,1148745
"34 St-Herald Sq (B,D,F,M,N,Q,R,W)",2022,2022-10-01,1,1455166
"59 St-Columbus Circle (A,B,C,D,1)",2022,2022-07-01,1,797359
"34 St-Penn Station (1,2,3)",2021,2021-09-01,1,705208
"34 St-Penn Station (1,2,3)",2021,2021-04-01,1,459894
"74-Broadway (7)/Jackson Hts-Roosevelt Av (E,F,M,R)",2020,2020-12-01,1,472995
"59 St-Columbus Circle (A,B,C,D,1)",2022,2022-01-01,1,603836
"47-50 Sts-Rockefeller Ctr (B,D,F,M)",2022,2022-11-01,1,813720
"34 St-Herald Sq (B,D,F,M,N,Q,R,W)",2022,2022-11-01,1,1523692
"14 St-Union Sq (L,N,Q,R,W,4,5,6)",2022,2022-06-01,1,1228148
"34 St-Herald Sq (B,D,F,M,N,Q,R,W)",2022,2022-06-01,1,1473810
"74-Broadway (7)/Jackson Hts-Roosevelt Av (E,F,M,R)",2022,2022-04-01,1,747795
"34 St-Penn Station (1,2,3)",2024,2024-07-01,1,1118375
Flushing-Main St (7),2023,2023-09-01,1,938770
"74-Broadway (7)/Jackson Hts-Roosevelt Av (E,F,M,R)",2023,2023-08-01,1,1016242
Flushing-Main St (7),2024,2024-10-01,1,908122
"Grand Central-42 St (S,4,5,6,7)",2021,2021-11-01,1,1427186
"Grand Central-42 St (S,4,5,6,7)",2021,2021-04-01,1,731645
"Times Sq-42 St (N,Q,R,W,S,1,2,3,7)/42 St (A,C,E)",2024,2024-09-01,1,2577154
"34 St-Penn Station (A,C,E)",2022,2022-10-01,1,1105090
"59 St-Columbus Circle (A,B,C,D,1)",2022,2022-05-01,1,940323
"14 St-Union Sq (L,N,Q,R,W,4,5,6)",2024,2024-10-01,1,1442788
"74-Broadway (7)/Jackson Hts-Roosevelt Av (E,F,M,R)",2024,2024-10-01,1,888639
"Fulton St (A,C,J,Z,2,3,4,5)",2024,2024-03-01,1,1288166
"Times Sq-42 St (N,Q,R,W,S,1,2,3,7)/42 St (A,C,E)",2024,2024-03-01,1,2947148
"Grand Central-42 St (S,4,5,6,7)",2021,2021-05-01,1,784069
"Times Sq-42 St (N,Q,R,W,S,1,2,3,7)/42 St (A,C,E)",2020,2020-09-01,1,941320
"Fulton St (A,C,J,Z,2,3,4,5)",2020,2020-07-01,1,330443
"34 St-Penn Station (1,2,3)",2022,2022-02-01,1,716849
"34 St-Penn Station (A,C,E)",2023,2023-01-01,1,1063266
"Fulton St (A,C,J,Z,2,3,4,5)",2022,2022-04-01,1,998421
"Times Sq-42 St (N,Q,R,W,S,1,2,3,7)/42 St (A,C,E)",2022,2022-04-01,1,2229042
"Times Sq-42 St (N,Q,R,W,S,1,2,3,7)/42 St (A,C,E)",2023,2023-10-01,1,3048940
"59 St-Columbus Circle (A,B,C,D,1)",2023,2023-04-01,1,1004072
"Times Sq-42 St (N,Q,R,W,S,1,2,3,7)/42 St (A,C,E)",2023,2023-02-01,1,2351313
"Grand Central-42 St (S,4,5,6,7)",2021,2021-09-01,1,1184008
"Grand Central-42 St (S,4,5,6,7)",2024,2024-07-01,1,2408381
"Times Sq-42 St (N,Q,R,W,S,1,2,3,7)/42 St (A,C,E)",2022,2022-06-01,1,2498164
"74-Broadway (7)/Jackson Hts-Roosevelt Av (E,F,M,R)",2022,2022-03-01,1,826114
"47-50 Sts-Rockefeller Ctr (B,D,F,M)",2021,2021-01-01,1,277833
"Grand Central-42 St (S,4,5,6,7)",2023,2023-02-01,1,1764129
"59 St-Columbus Circle (A,B,C,D,1)",2024,2024-04-01,1,1170116
"Grand Central-42 St (S,4,5,6,7)",2024,2024-03-01,1,2292366
"34 St-Herald Sq (B,D,F,M,N,Q,R,W)",2021,2021-07-01,1,1064687
"59 St-Columbus Circle (A,B,C,D,1)",2020,2020-11-01,1,378662
"34 St-Herald Sq (B,D,F,M,N,Q,R,W)",2021,2021-01-01,1,590325
"34 St-Herald Sq (B,D,F,M,N,Q,R,W)",2020,2020-07-01,1,510940
"59 St-Columbus Circle (A,B,C,D,1)",2024,2024-05-01,1,1219972
"34 St-Herald Sq (B,D,F,M,N,Q,R,W)",2024,2024-08-01,1,1600178
Flushing-Main St (7),2023,2023-03-01,1,977340
"59 St-Columbus Circle (A,B,C,D,1)",2023,2023-07-01,1,909675
"34 St-Penn Station (A,C,E)",2022,2022-09-01,1,1107439
"74-Broadway (7)/Jackson Hts-Roosevelt Av (E,F,M,R)",2021,2021-05-01,1,559788
"47-50 Sts-Rockefeller Ctr (B,D,F,M)",2021,2021-02-01,1,261977
"Times Sq-42 St (N,Q,R,W,S,1,2,3,7)/42 St (A,C,E)",2020,2020-10-01,1,1032511
"34 St-Penn Station (1,2,3)",2020,2020-12-01,1,399189
Flushing-Main St (7),2024,2024-02-01,1,908909
"Fulton St (A,C,J,Z,2,3,4,5)",2024,2024-02-01,1,1192901
"14 St-Union Sq (L,N,Q,R,W,4,5,6)",2023,2023-11-01,1,1511237
"Fulton St (A,C,J,Z,2,3,4,5)",2023,2023-03-01,1,1293382
"47-50 Sts-Rockefeller Ctr (B,D,F,M)",2022,2022-04-01,1,626465
"47-50 Sts-Rockefeller Ctr (B,D,F,M)",2021,2021-08-01,1,461486
"74-Broadway (7)/Jackson Hts-Roosevelt Av (E,F,M,R)",2024,2024-06-01,1,909885
"34 St-Penn Station (A,C,E)",2024,2024-02-01,1,1121965
"Fulton St (A,C,J,Z,2,3,4,5)",2023,2023-05-01,1,1358726
"59 St-Columbus Circle (A,B,C,D,1)",2022,2022-11-01,1,1050115
"59 St-Columbus Circle (A,B,C,D,1)",2024,2024-03-01,1,1125377
"59 St-Columbus Circle (A,B,C,D,1)",2024,2024-07-01,1,1061172
"34 St-Herald Sq (B,D,F,M,N,Q,R,W)",2021,2021-12-01,1,1368049
"34 St-Herald Sq (B,D,F,M,N,Q,R,W)",2021,2021-06-01,1,1043488
Flushing-Main St (7),2020,2020-07-01,1,352772
"47-50 Sts-Rockefeller Ctr (B,D,F,M)",2023,2023-06-01,1,798029
"Fulton St (A,C,J,Z,2,3,4,5)",2023,2023-06-01,1,1278667
"Times Sq-42 St (N,Q,R,W,S,1,2,3,7)/42 St (A,C,E)",2023,2023-11-01,1,2970481
"34 St-Herald Sq (B,D,F,M,N,Q,R,W)",2023,2023-07-01,1,1466289
"47-50 Sts-Rockefeller Ctr (B,D,F,M)",2023,2023-01-01,1,779121
Flushing-Main St (7),2022,2022-10-01,1,837611
"47-50 Sts-Rockefeller Ctr (B,D,F,M)",2022,2022-08-01,1,724347
"74-Broadway (7)/Jackson Hts-Roosevelt Av (E,F,M,R)",2022,2022-08-01,1,808201
"Fulton St (A,C,J,Z,2,3,4,5)",2021,2021-09-01,1,830212
Flushing-Main St (7),2021,2021-07-01,1,648424
"74-Broadway (7)/Jackson Hts-Roosevelt Av (E,F,M,R)",2020,2020-11-01,1,452865
"47-50 Sts-Rockefeller Ctr (B,D,F,M)",2020,2020-12-01,1,354146
"34 St-Penn Station (A,C,E)",2024,2024-05-01,1,1339734
"Grand Central-42 St (S,4,5,6,7)",2024,2024-05-01,1,2534679
"Times Sq-42 St (N,Q,R,W,S,1,2,3,7)/42 St (A,C,E)",2024,2024-01-01,1,2852113
"34 St-Penn Station (A,C,E)",2024,2024-07-01,1,1263220
"34 St-Penn Station (1,2,3)",2023,2023-12-01,1,1038895
"Times Sq-42 St (N,Q,R,W,S,1,2,3,7)/42 St (A,C,E)",2023,2023-08-01,1,3003668
"47-50 Sts-Rockefeller Ctr (B,D,F,M)",2021,2021-05-01,1,337826
"34 St-Penn Station (A,C,E)",2021,2021-02-01,1,348154
"34 St-Penn Station (A,C,E)",2020,2020-08-01,1,329540
"34 St-Penn Station (1,2,3)",2024,2024-01-01,1,1029767
"Grand Central-42 St (S,4,5,6,7)",2022,2022-11-01,1,1872003
"34 St-Penn Station (A,C,E)",2024,2024-04-01,1,1258088
"47-50 Sts-Rockefeller Ctr (B,D,F,M)",2021,2021-07-01,1,442496
"Times Sq-42 St (N,Q,R,W,S,1,2,3,7)/42 St (A,C,E)",2021,2021-07-01,1,1671776
"Grand Central-42 St (S,4,5,6,7)",2021,2021-03-01,1,713586
"34 St-Penn Station (A,C,E)",2020,2020-10-01,1,441324
Flushing-Main St (7),2024,2024-09-01,1,959554
"34 St-Penn Station (1,2,3)",2024,2024-08-01,1,1052734
"Grand Central-42 St (S,4,5,6,7)",2022,2022-12-01,1,1885982
"34 St-Penn Station (1,2,3)",2021,2021-10-01,1,776648
"74-Broadway (7)/Jackson Hts-Roosevelt Av (E,F,M,R)",2021,2021-12-01,1,759536
"47-50 Sts-Rockefeller Ctr (B,D,F,M)",2020,2020-08-01,1,238300
"Grand Central-42 St (S,4,5,6,7)",2024,2024-01-01,1,2300153
"Grand Central-42 St (S,4,5,6,7)",2023,2023-06-01,1,2241820
"34 St-Herald Sq (B,D,F,M,N,Q,R,W)",2022,2022-09-01,1,1472649
"Fulton St (A,C,J,Z,2,3,4,5)",2022,2022-05-01,1,1044066
"Grand Central-42 St (S,4,5,6,7)",2021,2021-01-01,1,534218
"47-50 Sts-Rockefeller Ctr (B,D,F,M)",2020,2020-07-01,1,226581
"34 St-Herald Sq (B,D,F,M,N,Q,R,W)",2024,2024-06-01,1,1537625
"Times Sq-42 St (N,Q,R,W,S,1,2,3,7)/42 St (A,C,E)",2022,2022-01-01,1,1569619
"47-50 Sts-Rockefeller Ctr (B,D,F,M)",2023,2023-11-01,1,855144
"14 St-Union Sq (L,N,Q,R,W,4,5,6)",2022,2022-05-01,1,1215803
"34 St-Penn Station (1,2,3)",2022,2022-03-01,1,930288
"74-Broadway (7)/Jackson Hts-Roosevelt Av (E,F,M,R)",2021,2021-07-01,1,631589
"34 St-Herald Sq (B,D,F,M,N,Q,R,W)",2021,2021-05-01,1,853104
"34 St-Penn Station (1,2,3)",2020,2020-08-01,1,306878
"34 St-Penn Station (1,2,3)",2023,2023-09-01,1,1009533
"34 St-Penn Station (A,C,E)",2023,2023-09-01,1,1154019
"Fulton St (A,C,J,Z,2,3,4,5)",2022,2022-06-01,1,1106745
"14 St-Union Sq (L,N,Q,R,W,4,5,6)",2021,2021-08-01,1,878604
"Fulton St (A,C,J,Z,2,3,4,5)",2021,2021-04-01,1,499988
"14 St-Union Sq (L,N,Q,R,W,4,5,6)",2020,2020-09-01,1,532413
"14 St-Union Sq (L,N,Q,R,W,4,5,6)",2022,2022-01-01,1,814169
"34 St-Herald Sq (B,D,F,M,N,Q,R,W)",2023,2023-06-01,1,1596302
"34 St-Herald Sq (B,D,F,M,N,Q,R,W)",2022,2022-12-01,1,1676083
"Grand Central-42 St (S,4,5,6,7)",2022,2022-04-01,1,1516205
"47-50 Sts-Rockefeller Ctr (B,D,F,M)",2021,2021-12-01,1,719544
"47-50 Sts-Rockefeller Ctr (B,D,F,M)",2021,2021-03-01,1,336874
"14 St-Union Sq (L,N,Q,R,W,4,5,6)",2020,2020-11-01,1,521718
"34 St-Herald Sq (B,D,F,M,N,Q,R,W)",2024,2024-09-01,1,1441097
"Fulton St (A,C,J,Z,2,3,4,5)",2024,2024-01-01,1,1230875
"34 St-Herald Sq (B,D,F,M,N,Q,R,W)",2024,2024-07-01,1,1645313
"59 St-Columbus Circle (A,B,C,D,1)",2022,2022-12-01,1,1008878
Flushing-Main St (7),2021,2021-10-01,1,765515
"59 St-Columbus Circle (A,B,C,D,1)",2021,2021-01-01,1,350272
"Times Sq-42 St (N,Q,R,W,S,1,2,3,7)/42 St (A,C,E)",2022,2022-02-01,1,1738869
"74-Broadway (7)/Jackson Hts-Roosevelt Av (E,F,M,R)",2023,2023-09-01,1,949685
"14 St-Union Sq (L,N,Q,R,W,4,5,6)",2023,2023-08-01,1,1345550
"34 St-Penn Station (A,C,E)",2022,2022-06-01,1,1055943
"47-50 Sts-Rockefeller Ctr (B,D,F,M)",2024,2024-10-01,1,820004
"47-50 Sts-Rockefeller Ctr (B,D,F,M)",2024,2024-04-01,1,893089
"34 St-Herald Sq (B,D,F,M,N,Q,R,W)",2021,2021-08-01,1,1073435
"Fulton St (A,C,J,Z,2,3,4,5)",2021,2021-03-01,1,480463
"Times Sq-42 St (N,Q,R,W,S,1,2,3,7)/42 St (A,C,E)",2020,2020-11-01,1,916026
"34 St-Penn Station (A,C,E)",2020,2020-09-01,1,400285
"Grand Central-42 St (S,4,5,6,7)",2023,2023-12-01,1,2144166
"Grand Central-42 St (S,4,5,6,7)",2021,2021-10-01,1,1308186
"14 St-Union Sq (L,N,Q,R,W,4,5,6)",2021,2021-11-01,1,1179578
"59 St-Columbus Circle (A,B,C,D,1)",2021,2021-07-01,1,608342
"59 St-Columbus Circle (A,B,C,D,1)",2021,2021-05-01,1,517338
"Fulton St (A,C,J,Z,2,3,4,5)",2021,2021-05-01,1,542908
"34 St-Penn Station (1,2,3)",2024,2024-06-01,1,1003020
"47-50 Sts-Rockefeller Ctr (B,D,F,M)",2021,2021-10-01,1,540316
Flushing-Main St (7),2021,2021-05-01,1,554677
Flushing-Main St (7),2021,2021-04-01,1,543229
"34 St-Penn Station (A,C,E)",2021,2021-03-01,1,482608
"34 St-Herald Sq (B,D,F,M,N,Q,R,W)",2020,2020-11-01,1,635128
"47-50 Sts-Rockefeller Ctr (B,D,F,M)",2024,2024-02-01,1,745437
"14 St-Union Sq (L,N,Q,R,W,4,5,6)",2023,2023-09-01,1,1391785
"74-Broadway (7)/Jackson Hts-Roosevelt Av (E,F,M,R)",2023,2023-11-01,1,1004621
"74-Broadway (7)/Jackson Hts-Roosevelt Av (E,F,M,R)",2021,2021-04-01,1,555774
"Times Sq-42 St (N,Q,R,W,S,1,2,3,7)/42 St (A,C,E)",2021,2021-02-01,1,815464
Flushing-Main St (7),2021,2021-01-01,1,423172
"74-Broadway (7)/Jackson Hts-Roosevelt Av (E,F,M,R)",2024,2024-01-01,1,969888
"34 St-Herald Sq (B,D,F,M,N,Q,R,W)",2022,2022-01-01,1,939824
"14 St-Union Sq (L,N,Q,R,W,4,5,6)",2021,2021-10-01,1,1151819
"34 St-Penn Station (A,C,E)",2021,2021-12-01,1,885521
Flushing-Main St (7),2021,2021-03-01,1,537760
"74-Broadway (7)/Jackson Hts-Roosevelt Av (E,F,M,R)",2020,2020-10-01,1,492460
Flushing-Main St (7),2020,2020-10-01,1,503898
"74-Broadway (7)/Jackson Hts-Roosevelt Av (E,F,M,R)",2024,2024-02-01,1,918232
"Grand Central-42 St (S,4,5,6,7)",2024,2024-08-01,1,2245759
"59 St-Columbus Circle (A,B,C,D,1)",2021,2021-10-01,1,837721
"14 St-Union Sq (L,N,Q,R,W,4,5,6)",2021,2021-04-01,1,689309
"34 St-Penn Station (1,2,3)",2021,2021-02-01,1,323253
"14 St-Union Sq (L,N,Q,R,W,4,5,6)",2020,2020-12-01,1,542690
"14 St-Union Sq (L,N,Q,R,W,4,5,6)",2024,2024-06-01,1,1323081
"Fulton St (A,C,J,Z,2,3,4,5)",2024,2024-07-01,1,1374392
Flushing-Main St (7),2022,2022-01-01,1,632862
Flushing-Main St (7),2023,2023-10-01,1,1025696
"Grand Central-42 St (S,4,5,6,7)",2023,2023-10-01,1,2398570
"Grand Central-42 St (S,4,5,6,7)",2023,2023-11-01,1,2309976
"34 St-Herald Sq (B,D,F,M,N,Q,R,W)",2023,2023-08-01,1,1612476
"Times Sq-42 St (N,Q,R,W,S,1,2,3,7)/42 St (A,C,E)",2022,2022-03-01,1,2343198
"34 St-Penn Station (1,2,3)",2022,2022-07-01,1,851946
"34 St-Herald Sq (B,D,F,M,N,Q,R,W)",2022,2022-08-01,1,1456686
"14 St-Union Sq (L,N,Q,R,W,4,5,6)",2021,2021-07-01,1,859150
Flushing-Main St (7),2023,2023-12-01,1,927233
"47-50 Sts-Rockefeller Ctr (B,D,F,M)",2023,2023-02-01,1,720563
"14 St-Union Sq (L,N,Q,R,W,4,5,6)",2021,2021-06-01,1,859235
"34 St-Penn Station (A,C,E)",2021,2021-06-01,1,686618
"59 St-Columbus Circle (A,B,C,D,1)",2021,2021-03-01,1,455742
"Fulton St (A,C,J,Z,2,3,4,5)",2020,2020-11-01,1,396880
"59 St-Columbus Circle (A,B,C,D,1)",2020,2020-08-01,1,289062
"14 St-Union Sq (L,N,Q,R,W,4,5,6)",2024,2024-05-01,1,1612252
"47-50 Sts-Rockefeller Ctr (B,D,F,M)",2024,2024-06-01,1,818225
"Fulton St (A,C,J,Z,2,3,4,5)",2023,2023-02-01,1,1051170
"Fulton St (A,C,J,Z,2,3,4,5)",2023,2023-01-01,1,1089764
"59 St-Columbus Circle (A,B,C,D,1)",2022,2022-09-01,1,1035455
"Times Sq-42 St (N,Q,R,W,S,1,2,3,7)/42 St (A,C,E)",2021,2021-11-01,1,2177860
"Grand Central-42 St (S,4,5,6,7)",2021,2021-12-01,1,1367397
"74-Broadway (7)/Jackson Hts-Roosevelt Av (E,F,M,R)",2021,2021-06-01,1,628868
"Times Sq-42 St (N,Q,R,W,S,1,2,3,7)/42 St (A,C,E)",2021,2021-06-01,1,1573980
"34 St-Penn Station (A,C,E)",2020,2020-12-01,1,395965
"34 St-Penn Station (A,C,E)",2024,2024-09-01,1,1076706
"59 St-Columbus Circle (A,B,C,D,1)",2024,2024-10-01,1,1101718
"74-Broadway (7)/Jackson Hts-Roosevelt Av (E,F,M,R)",2021,2021-10-01,1,739325
"14 St-Union Sq (L,N,Q,R,W,4,5,6)",2022,2022-11-01,1,1297061
"34 St-Herald Sq (B,D,F,M,N,Q,R,W)",2024,2024-04-01,1,1667699
"47-50 Sts-Rockefeller Ctr (B,D,F,M)",2021,2021-09-01,1,477386
Flushing-Main St (7),2021,2021-09-01,1,735924
"34 St-Penn Station (A,C,E)",2024,2024-01-01,1,1206792
"Grand Central-42 St (S,4,5,6,7)",2024,2024-02-01,1,2184717
"34 St-Penn Station (A,C,E)",2023,2023-11-01,1,1232471
"Grand Central-42 St (S,4,5,6,7)",2022,2022-06-01,1,1750949
"47-50 Sts-Rockefeller Ctr (B,D,F,M)",2022,2022-03-01,1,678160
Flushing-Main St (7),2021,2021-11-01,1,777102
"Fulton St (A,C,J,Z,2,3,4,5)",2021,2021-02-01,1,349274
"74-Broadway (7)/Jackson Hts-Roosevelt Av (E,F,M,R)",2020,2020-08-01,1,390850
"47-50 Sts-Rockefeller Ctr (B,D,F,M)",2024,2024-07-01,1,886931
"34 St-Penn Station (1,2,3)",2023,2023-10-01,1,1133456
"34 St-Penn Station (A,C,E)",2023,2023-05-01,1,1195982
"34 St-Herald Sq (B,D,F,M,N,Q,R,W)",2022,2022-07-01,1,1298687
"34 St-Penn Station (1,2,3)",2021,2021-06-01,1,624889
"Fulton St (A,C,J,Z,2,3,4,5)",2021,2021-06-01,1,680943
"34 St-Penn Station (A,C,E)",2021,2021-07-01,1,742695
"Fulton St (A,C,J,Z,2,3,4,5)",2024,2024-09-01,1,1206281
"34 St-Penn Station (1,2,3)",2023,2023-08-01,1,1033572
"Times Sq-42 St (N,Q,R,W,S,1,2,3,7)/42 St (A,C,E)",2021,2021-03-01,1,1136460
"Times Sq-42 St (N,Q,R,W,S,1,2,3,7)/42 St (A,C,E)",2020,2020-07-01,1,757585
"Times Sq-42 St (N,Q,R,W,S,1,2,3,7)/42 St (A,C,E)",2024,2024-05-01,1,3250604
"34 St-Herald Sq (B,D,F,M,N,Q,R,W)",2021,2021-03-01,1,765529
"34 St-Penn Station (1,2,3)",2020,2020-11-01,1,374899
"59 St-Columbus Circle (A,B,C,D,1)",2020,2020-09-01,1,366773
"Fulton St (A,C,J,Z,2,3,4,5)",2022,2022-02-01,1,783525
"Grand Central-42 St (S,4,5,6,7)",2023,2023-05-01,1,2298326
Flushing-Main St (7),2022,2022-05-01,1,815960
"59 St-Columbus Circle (A,B,C,D,1)",2021,2021-09-01,1,771988
"Grand Central-42 St (S,4,5,6,7)",2021,2021-06-01,1,1018333
"34 St-Herald Sq (B,D,F,M,N,Q,R,W)",2021,2021-02-01,1,557853
"59 St-Columbus Circle (A,B,C,D,1)",2024,2024-06-01,1,996562
"14 St-Union Sq (L,N,Q,R,W,4,5,6)",2023,2023-12-01,1,1424028
"47-50 Sts-Rockefeller Ctr (B,D,F,M)",2023,2023-12-01,1,961416
"74-Broadway (7)/Jackson Hts-Roosevelt Av (E,F,M,R)",2023,2023-03-01,1,938324
"Grand Central-42 St (S,4,5,6,7)",2021,2021-08-01,1,1067120
"34 St-Herald Sq (B,D,F,M,N,Q,R,W)",2020,2020-12-01,1,712715
"34 St-Penn Station (1,2,3)",2020,2020-07-01,1,299267
"74-Broadway (7)/Jackson Hts-Roosevelt Av (E,F,M,R)",2024,2024-07-01,1,975222
"59 St-Columbus Circle (A,B,C,D,1)",2023,2023-12-01,1,1013082
"Grand Central-42 St (S,4,5,6,7)",2023,2023-08-01,1,2241313
"Times Sq-42 St (N,Q,R,W,S,1,2,3,7)/42 St (A,C,E)",2023,2023-07-01,1,2765117
"14 St-Union Sq (L,N,Q,R,W,4,5,6)",2023,2023-01-01,1,1250759
"59 St-Columbus Circle (A,B,C,D,1)",2021,2021-08-01,1,630931
"34 St-Penn Station (A,C,E)",2020,2020-07-01,1,312426
"14 St-Union Sq (L,N,Q,R,W,4,5,6)",2024,2024-09-01,1,1398488
"74-Broadway (7)/Jackson Hts-Roosevelt Av (E,F,M,R)",2023,2023-01-01,1,814250
"Times Sq-42 St (N,Q,R,W,S,1,2,3,7)/42 St (A,C,E)",2022,2022-05-01,1,2359140
"34 St-Penn Station (1,2,3)",2021,2021-08-01,1,648684
"59 St-Columbus Circle (A,B,C,D,1)",2021,2021-04-01,1,487150
"14 St-Union Sq (L,N,Q,R,W,4,5,6)",2021,2021-01-01,1,474749
"14 St-Union Sq (L,N,Q,R,W,4,5,6)",2022,2022-02-01,1,951889
"34 St-Penn Station (1,2,3)",2023,2023-11-01,1,1106311
Flushing-Main St (7),2023,2023-02-01,1,775057
Flushing-Main St (7),2023,2023-07-01,1,875133
"34 St-Penn Station (A,C,E)",2022,2022-12-01,1,1093342
"74-Broadway (7)/Jackson Hts-Roosevelt Av (E,F,M,R)",2022,2022-09-01,1,841296
"Fulton St (A,C,J,Z,2,3,4,5)",2024,2024-10-01,1,1271192
"34 St-Penn Station (1,2,3)",2024,2024-03-01,1,1049106
"59 St-Columbus Circle (A,B,C,D,1)",2021,2021-11-01,1,891594
"34 St-Penn Station (1,2,3)",2021,2021-03-01,1,442814
"59 St-Columbus Circle (A,B,C,D,1)",2020,2020-10-01,1,413585
"Grand Central-42 St (S,4,5,6,7)",2020,2020-08-01,1,445729
"59 St-Columbus Circle (A,B,C,D,1)",2024,2024-09-01,1,1068272
Flushing-Main St (7),2024,2024-01-01,1,946070
"Grand Central-42 St (S,4,5,6,7)",2022,2022-01-01,1,989094
"Times Sq-42 St (N,Q,R,W,S,1,2,3,7)/42 St (A,C,E)",2023,2023-09-01,1,2788910
"14 St-Union Sq (L,N,Q,R,W,4,5,6)",2023,2023-03-01,1,1493136
"47-50 Sts-Rockefeller Ctr (B,D,F,M)",2023,2023-03-01,1,863197
"Times Sq-42 St (N,Q,R,W,S,1,2,3,7)/42 St (A,C,E)",2022,2022-12-01,1,2673384
"Fulton St (A,C,J,Z,2,3,4,5)",2022,2022-08-01,1,1119674
"34 St-Penn Station (A,C,E)",2020,2020-11-01,1,378113
"74-Broadway (7)/Jackson Hts-Roosevelt Av (E,F,M,R)",2024,2024-09-01,1,909122
"34 St-Penn Station (1,2,3)",2022,2022-10-01,1,1008510
"Fulton St (A,C,J,Z,2,3,4,5)",2022,2022-03-01,1,1065715
"34 St-Herald Sq (B,D,F,M,N,Q,R,W)",2021,2021-09-01,1,1124998
"34 St-Herald Sq (B,D,F,M,N,Q,R,W)",2020,2020-08-01,1,536832
"59 St-Columbus Circle (A,B,C,D,1)",2024,2024-02-01,1,1037643
Flushing-Main St (7),2023,2023-11-01,1,989368
"34 St-Herald Sq (B,D,F,M,N,Q,R,W)",2022,2022-04-01,1,1313265
"34 St-Herald Sq (B,D,F,M,N,Q,R,W)",2022,2022-02-01,1,1090403
Flushing-Main St (7),2023,2023-05-01,1,1054683
"34 St-Herald Sq (B,D,F,M,N,Q,R,W)",2023,2023-02-01,1,1366033
"34 St-Penn Station (A,C,E)",2021,2021-09-01,1,776432
"34 St-Penn Station (1,2,3)",2022,2022-04-01,1,842619
"14 St-Union Sq (L,N,Q,R,W,4,5,6)",2021,2021-09-01,1,1064354
"74-Broadway (7)/Jackson Hts-Roosevelt Av (E,F,M,R)",2020,2020-07-01,1,380689
Flushing-Main St (7),2024,2024-05-01,1,1086714
"14 St-Union Sq (L,N,Q,R,W,4,5,6)",2024,2024-02-01,1,1399510
"Grand Central-42 St (S,4,5,6,7)",2023,2023-04-01,1,1956772
"Times Sq-42 St (N,Q,R,W,S,1,2,3,7)/42 St (A,C,E)",2024,2024-08-01,1,2909416
"74-Broadway (7)/Jackson Hts-Roosevelt Av (E,F,M,R)",2023,2023-06-01,1,1019089
"34 St-Penn Station (1,2,3)",2024,2024-10-01,1,1056840
"34 St-Herald Sq (B,D,F,M,N,Q,R,W)",2021,2021-10-01,1,1224700
"34 St-Penn Station (1,2,3)",2021,2021-11-01,1,854386
"34 St-Herald Sq (B,D,F,M,N,Q,R,W)",2024,2024-05-01,1,1792799
"34 St-Herald Sq (B,D,F,M,N,Q,R,W)",2023,2023-12-01,1,1640688
"34 St-Penn Station (1,2,3)",2023,2023-07-01,1,959690
"Times Sq-42 St (N,Q,R,W,S,1,2,3,7)/42 St (A,C,E)",2022,2022-11-01,1,2593986
"14 St-Union Sq (L,N,Q,R,W,4,5,6)",2022,2022-03-01,1,1241275
"Fulton St (A,C,J,Z,2,3,4,5)",2021,2021-10-01,1,897325
"74-Broadway (7)/Jackson Hts-Roosevelt Av (E,F,M,R)",2022,2022-07-01,1,724484
"Times Sq-42 St (N,Q,R,W,S,1,2,3,7)/42 St (A,C,E)",2024,2024-06-01,1,2773124
"14 St-Union Sq (L,N,Q,R,W,4,5,6)",2024,2024-07-01,1,1399151
"Fulton St (A,C,J,Z,2,3,4,5)",2024,2024-08-01,1,1282488
"Fulton St (A,C,J,Z,2,3,4,5)",2023,2023-12-01,1,1157228
"Fulton St (A,C,J,Z,2,3,4,5)",2023,2023-04-01,1,1151036
"34 St-Penn Station (1,2,3)",2022,2022-12-01,1,1061055
"14 St-Union Sq (L,N,Q,R,W,4,5,6)",2022,2022-04-01,1,1148769
"Grand Central-42 St (S,4,5,6,7)",2020,2020-10-01,1,651365
"Fulton St (A,C,J,Z,2,3,4,5)",2022,2022-07-01,1,1014456
"47-50 Sts-Rockefeller Ctr (B,D,F,M)",2021,2021-04-01,1,340719
"14 St-Union Sq (L,N,Q,R,W,4,5,6)",2021,2021-03-01,1,638309
"Times Sq-42 St (N,Q,R,W,S,1,2,3,7)/42 St (A,C,E)",2020,2020-08-01,1,789721
"Grand Central-42 St (S,4,5,6,7)",2020,2020-07-01,1,423297
"34 St-Penn Station (1,2,3)",2024,2024-09-01,1,1003896
"74-Broadway (7)/Jackson Hts-Roosevelt Av (E,F,M,R)",2022,2022-02-01,1,658670
"34 St-Penn Station (A,C,E)",2023,2023-07-01,1,1086633
"Grand Central-42 St (S,4,5,6,7)",2022,2022-09-01,1,1849968
"34 St-Herald Sq (B,D,F,M,N,Q,R,W)",2021,2021-11-01,1,1341932
"34 St-Penn Station (A,C,E)",2022,2022-07-01,1,944775
"Times Sq-42 St (N,Q,R,W,S,1,2,3,7)/42 St (A,C,E)",2022,2022-07-01,1,2278336
"Grand Central-42 St (S,4,5,6,7)",2021,2021-02-01,1,527695
"74-Broadway (7)/Jackson Hts-Roosevelt Av (E,F,M,R)",2020,2020-09-01,1,461844
"47-50 Sts-Rockefeller Ctr (B,D,F,M)",2023,2023-09-01,1,742718
"34 St-Penn Station (1,2,3)",2023,2023-05-01,1,1103160
"34 St-Herald Sq (B,D,F,M,N,Q,R,W)",2023,2023-04-01,1,1466300
"74-Broadway (7)/Jackson Hts-Roosevelt Av (E,F,M,R)",2022,2022-06-01,1,818486
"34 St-Herald Sq (B,D,F,M,N,Q,R,W)",2024,2024-10-01,1,1527589
Flushing-Main St (7),2020,2020-09-01,1,467210
"Fulton St (A,C,J,Z,2,3,4,5)",2023,2023-08-01,1,1325253
"Grand Central-42 St (S,4,5,6,7)",2020,2020-11-01,1,575746
"14 St-Union Sq (L,N,Q,R,W,4,5,6)",2020,2020-10-01,1,586563
"14 St-Union Sq (L,N,Q,R,W,4,5,6)",2020,2020-08-01,1,420053
"Fulton St (A,C,J,Z,2,3,4,5)",2020,2020-08-01,1,339665
"34 St-Herald Sq (B,D,F,M,N,Q,R,W)",2024,2024-02-01,1,1478650
Flushing-Main St (7),2022,2022-02-01,1,674794
"34 St-Herald Sq (B,D,F,M,N,Q,R,W)",2023,2023-09-01,1,1489262
"14 St-Union Sq (L,N,Q,R,W,4,5,6)",2023,2023-07-01,1,1234210
Flushing-Main St (7),2022,2022-03-01,1,824336
"34 St-Penn Station (A,C,E)",2021,2021-10-01,1,873804
"Times Sq-42 St (N,Q,R,W,S,1,2,3,7)/42 St (A,C,E)",2021,2021-09-01,1,1831187
"74-Broadway (7)/Jackson Hts-Roosevelt Av (E,F,M,R)",2021,2021-08-01,1,644105
Flushing-Main St (7),2020,2020-11-01,1,462075
"Fulton St (A,C,J,Z,2,3,4,5)",2020,2020-12-01,1,399901
"74-Broadway (7)/Jackson Hts-Roosevelt Av (E,F,M,R)",2021,2021-01-01,1,425694
"59 St-Columbus Circle (A,B,C,D,1)",2023,2023-09-01,1,1078875
"14 St-Union Sq (L,N,Q,R,W,4,5,6)",2023,2023-05-01,1,1543631
"74-Broadway (7)/Jackson Hts-Roosevelt Av (E,F,M,R)",2023,2023-04-01,1,810891
"Times Sq-42 St (N,Q,R,W,S,1,2,3,7)/42 St (A,C,E)",2023,2023-04-01,1,2612261
"59 St-Columbus Circle (A,B,C,D,1)",2023,2023-02-01,1,933457
"14 St-Union Sq (L,N,Q,R,W,4,5,6)",2022,2022-10-01,1,1301145
"34 St-Penn Station (1,2,3)",2022,2022-09-01,1,1000247
"74-Broadway (7)/Jackson Hts-Roosevelt Av (E,F,M,R)",2024,2024-03-01,1,1016792
"47-50 Sts-Rockefeller Ctr (B,D,F,M)",2021,2021-11-01,1,626922
"34 St-Penn Station (A,C,E)",2021,2021-04-01,1,508113
"14 St-Union Sq (L,N,Q,R,W,4,5,6)",2021,2021-02-01,1,461018
"Grand Central-42 St (S,4,5,6,7)",2020,2020-09-01,1,571777
"Times Sq-42 St (N,Q,R,W,S,1,2,3,7)/42 St (A,C,E)",2024,2024-07-01,1,3064448
"74-Broadway (7)/Jackson Hts-Roosevelt Av (E,F,M,R)",2023,2023-07-01,1,913234
"Fulton St (A,C,J,Z,2,3,4,5)",2021,2021-08-01,1,715557
"34 St-Herald Sq (B,D,F,M,N,Q,R,W)",2021,2021-04-01,1,798312
Flushing-Main St (7),2024,2024-08-01,1,973546
"Fulton St (A,C,J,Z,2,3,4,5)",2022,2022-09-01,1,1156929
"Grand Central-42 St (S,4,5,6,7)",2024,2024-10-01,1,2215210
"34 St-Penn Station (A,C,E)",2021,2021-08-01,1,729088
Flushing-Main St (7),2020,2020-12-01,1,478538
"34 St-Herald Sq (B,D,F,M,N,Q,R,W)",2023,2023-05-01,1,1705907
"Fulton St (A,C,J,Z,2,3,4,5)",2023,2023-07-01,1,1212402
"74-Broadway (7)/Jackson Hts-Roosevelt Av (E,F,M,R)",2021,2021-11-01,1,771668
"Times Sq-42 St (N,Q,R,W,S,1,2,3,7)/42 St (A,C,E)",2021,2021-04-01,1,1187222
"47-50 Sts-Rockefeller Ctr (B,D,F,M)",2020,2020-09-01,1,276143
"Fulton St (A,C,J,Z,2,3,4,5)",2024,2024-05-01,1,1427083
Flushing-Main St (7),2024,2024-07-01,1,991522
"Times Sq-42 St (N,Q,R,W,S,1,2,3,7)/42 St (A,C,E)",2024,2024-02-01,1,2719596
"34 St-Penn Station (1,2,3)",2022,2022-01-01,1,588269
"14 St-Union Sq (L,N,Q,R,W,4,5,6)",2023,2023-10-01,1,1593606
"34 St-Herald Sq (B,D,F,M,N,Q,R,W)",2023,2023-10-01,1,1649829
"47-50 Sts-Rockefeller Ctr (B,D,F,M)",2023,2023-05-01,1,863194
Flushing-Main St (7),2023,2023-08-01,1,981534
"34 St-Penn Station (A,C,E)",2022,2022-04-01,1,937637
"34 St-Penn Station (1,2,3)",2021,2021-05-01,1,498248
"Grand Central-42 St (S,4,5,6,7)",2023,2023-03-01,1,2233144
"34 St-Penn Station (A,C,E)",2023,2023-02-01,1,990197
"Fulton St (A,C,J,Z,2,3,4,5)",2022,2022-10-01,1,1145704
"Grand Central-42 St (S,4,5,6,7)",2024,2024-09-01,1,2132532
"34 St-Penn Station (1,2,3)",2024,2024-02-01,1,1001952
"Fulton St (A,C,J,Z,2,3,4,5)",2023,2023-11-01,1,1245392
"74-Broadway (7)/Jackson Hts-Roosevelt Av (E,F,M,R)",2023,2023-02-01,1,767066
"34 St-Penn Station (A,C,E)",2023,2023-08-01,1,1210343
"74-Broadway (7)/Jackson Hts-Roosevelt Av (E,F,M,R)",2022,2022-11-01,1,833480
"59 St-Columbus Circle (A,B,C,D,1)",2023,2023-01-01,1,920916
"47-50 Sts-Rockefeller Ctr (B,D,F,M)",2022,2022-06-01,1,728582
"59 St-Columbus Circle (A,B,C,D,1)",2022,2022-04-01,1,898322
"47-50 Sts-Rockefeller Ctr (B,D,F,M)",2024,2024-03-01,1,815234
"Times Sq-42 St (N,Q,R,W,S,1,2,3,7)/42 St (A,C,E)",2021,2021-12-01,1,2166629
"Fulton St (A,C,J,Z,2,3,4,5)",2020,2020-10-01,1,461055
"34 St-Penn Station (1,2,3)",2024,2024-05-01,1,1195575
"14 St-Union Sq (L,N,Q,R,W,4,5,6)",2024,2024-08-01,1,1354378
"Fulton St (A,C,J,Z,2,3,4,5)",2022,2022-12-01,1,1118177
"34 St-Penn Station (A,C,E)",2024,2024-10-01,1,1164517
"34 St-Penn Station (A,C,E)",2022,2022-03-01,1,1010917
"59 St-Columbus Circle (A,B,C,D,1)",2021,2021-12-01,1,847237
"59 St-Columbus Circle (A,B,C,D,1)",2020,2020-07-01,1,276606
"Times Sq-42 St (N,Q,R,W,S,1,2,3,7)/42 St (A,C,E)",2023,2023-12-01,1,2874963
"74-Broadway (7)/Jackson Hts-Roosevelt Av (E,F,M,R)",2022,2022-01-01,1,627252
"47-50 Sts-Rockefeller Ctr (B,D,F,M)",2023,2023-07-01,1,733336
"14 St-Union Sq (L,N,Q,R,W,4,5,6)",2022,2022-12-01,1,1339906
"14 St-Union Sq (L,N,Q,R,W,4,5,6)",2024,2024-04-01,1,1514448
"34 St-Herald Sq (B,D,F,M,N,Q,R,W)",2024,2024-01-01,1,1556243
"47-50 Sts-Rockefeller Ctr (B,D,F,M)",2024,2024-09-01,1,769275
"Times Sq-42 St (N,Q,R,W,S,1,2,3,7)/42 St (A,C,E)",2023,2023-05-01,1,3056714
"59 St-Columbus Circle (A,B,C,D,1)",2023,2023-03-01,1,1126293
"14 St-Union Sq (L,N,Q,R,W,4,5,6)",2024,2024-03-01,1,1466291
"59 St-Columbus Circle (A,B,C,D,1)",2020,2020-12-01,1,394596
"Fulton St (A,C,J,Z,2,3,4,5)",2020,2020-09-01,1,424023
"59 St-Columbus Circle (A,B,C,D,1)",2023,2023-08-01,1,1004834
Flushing-Main St (7),2022,2022-09-01,1,862040
"34 St-Herald Sq (B,D,F,M,N,Q,R,W)",2020,2020-09-01,1,636208
"Fulton St (A,C,J,Z,2,3,4,5)",2024,2024-06-01,1,1231161
"74-Broadway (7)/Jackson Hts-Roosevelt Av (E,F,M,R)",2022,2022-12-01,1,820656
"34 St-Penn Station (1,2,3)",2023,2023-01-01,1,991026
"Grand Central-42 St (S,4,5,6,7)",2022,2022-03-01,1,1616515
"47-50 Sts-Rockefeller Ctr (B,D,F,M)",2022,2022-07-01,1,626955
Flushing-Main St (7),2022,2022-07-01,1,729198
"14 St-Union Sq (L,N,Q,R,W,4,5,6)",2020,2020-07-01,1,404316
"74-Broadway (7)/Jackson Hts-Roosevelt Av (E,F,M,R)",2024,2024-08-01,1,940787
"34 St-Herald Sq (B,D,F,M,N,Q,R,W)",2023,2023-03-01,1,1645875
"34 St-Penn Station (A,C,E)",2023,2023-03-01,1,1157125
"Times Sq-42 St (N,Q,R,W,S,1,2,3,7)/42 St (A,C,E)",2023,2023-03-01,1,2931093
"47-50 Sts-Rockefeller Ctr (B,D,F,M)",2023,2023-08-01,1,822374
"Grand Central-42 St (S,4,5,6,7)",2023,2023-07-01,1,2077851
"34 St-Penn Station (1,2,3)",2021,2021-01-01,1,338351
"47-50 Sts-Rockefeller Ctr (B,D,F,M)",2023,2023-10-01,1,836963
"Times Sq-42 St (N,Q,R,W,S,1,2,3,7)/42 St (A,C,E)",2023,2023-01-01,1,2462465
"59 St-Columbus Circle (A,B,C,D,1)",2022,2022-03-01,1,973777
"Fulton St (A,C,J,Z,2,3,4,5)",2021,2021-12-01,1,901368
"34 St-Penn Station (1,2,3)",2020,2020-10-01,1,424419
"34 St-Penn Station (A,C,E)",2021,2021-01-01,1,365886
"34 St-Penn Station (A,C,E)",2024,2024-08-01,1,1168821
"34 St-Penn Station (1,2,3)",2023,2023-06-01,1,1043550
"59 St-Columbus Circle (A,B,C,D,1)",2023,2023-05-01,1,1162677
"14 St-Union Sq (L,N,Q,R,W,4,5,6)",2023,2023-02-01,1,1230527
"47-50 Sts-Rockefeller Ctr (B,D,F,M)",2022,2022-12-01,1,1033555
"59 St-Columbus Circle (A,B,C,D,1)",2022,2022-10-01,1,1036564
"47-50 Sts-Rockefeller Ctr (B,D,F,M)",2022,2022-05-01,1,683765
Flushing-Main St (7),2022,2022-06-01,1,806805
Flushing-Main St (7),2024,2024-03-01,1,970799
"34 St-Penn Station (1,2,3)",2022,2022-08-01,1,930482
"Times Sq-42 St (N,Q,R,W,S,1,2,3,7)/42 St (A,C,E)",2020,2020-12-01,1,965850
"14 St-Union Sq (L,N,Q,R,W,4,5,6)",2024,2024-01-01,1,1399883
"59 St-Columbus Circle (A,B,C,D,1)",2024,2024-01-01,1,1040558
"34 St-Penn Station (A,C,E)",2023,2023-06-01,1,1152827
"34 St-Penn Station (1,2,3)",2022,2022-11-01,1,1031135
"Grand Central-42 St (S,4,5,6,7)",2023,2023-01-01,1,1869090
Flushing-Main St (7),2022,2022-04-01,1,758314
"34 St-Penn Station (1,2,3)",2021,2021-07-01,1,652377
"47-50 Sts-Rockefeller Ctr (B,D,F,M)",2024,2024-05-01,1,935476
"34 St-Penn Station (1,2,3)",2023,2023-04-01,1,927855
Flushing-Main St (7),2024,2024-04-01,1,986817
"34 St-Herald Sq (B,D,F,M,N,Q,R,W)",2024,2024-03-01,1,1590592
"34 St-Penn Station (A,C,E)",2021,2021-11-01,1,936519
"Times Sq-42 St (N,Q,R,W,S,1,2,3,7)/42 St (A,C,E)",2021,2021-05-01,1,1260698
"Fulton St (A,C,J,Z,2,3,4,5)",2021,2021-01-01,1,364871
"Times Sq-42 St (N,Q,R,W,S,1,2,3,7)/42 St (A,C,E)",2021,2021-01-01,1,872408
"59 St-Columbus Circle (A,B,C,D,1)",2024,2024-08-01,1,978780
"Fulton St (A,C,J,Z,2,3,4,5)",2023,2023-10-01,1,1366418
"14 St-Union Sq (L,N,Q,R,W,4,5,6)",2021,2021-05-01,1,727000
"47-50 Sts-Rockefeller Ctr (B,D,F,M)",2022,2022-02-01,1,495572
"59 St-Columbus Circle (A,B,C,D,1)",2023,2023-10-01,1,1205960
"14 St-Union Sq (L,N,Q,R,W,4,5,6)",2023,2023-06-01,1,1395838
"Fulton St (A,C,J,Z,2,3,4,5)",2022,2022-11-01,1,1111671
"Times Sq-42 St (N,Q,R,W,S,1,2,3,7)/42 St (A,C,E)",2022,2022-10-01,1,2550471
"47-50 Sts-Rockefeller Ctr (B,D,F,M)",2022,2022-10-01,1,746474
"47-50 Sts-Rockefeller Ctr (B,D,F,M)",2022,2022-09-01,1,713767
Flushing-Main St (7),2021,2021-02-01,1,397140
"47-50 Sts-Rockefeller Ctr (B,D,F,M)",2020,2020-11-01,1,288796
"34 St-Penn Station (1,2,3)",2020,2020-09-01,1,382555
"59 St-Columbus Circle (A,B,C,D,1)",2023,2023-06-01,1,1014507
"47-50 Sts-Rockefeller Ctr (B,D,F,M)",2023,2023-04-01,1,749100
"34 St-Herald Sq (B,D,F,M,N,Q,R,W)",2023,2023-01-01,1,1438084
"34 St-Herald Sq (B,D,F,M,N,Q,R,W)",2022,2022-05-01,1,1410188
"Grand Central-42 St (S,4,5,6,7)",2022,2022-05-01,1,1602882
"59 St-Columbus Circle (A,B,C,D,1)",2022,2022-06-01,1,923426
"34 St-Penn Station (A,C,E)",2024,2024-03-01,1,1208213
"14 St-Union Sq (L,N,Q,R,W,4,5,6)",2022,2022-08-01,1,1162977
Flushing-Main St (7),2020,2020-08-01,1,360287
"Grand Central-42 St (S,4,5,6,7)",2024,2024-06-01,1,2202551
"47-50 Sts-Rockefeller Ctr (B,D,F,M)",2022,2022-01-01,1,420849
"Times Sq-42 St (N,Q,R,W,S,1,2,3,7)/42 St (A,C,E)",2023,2023-06-01,1,2953253
"34 St-Penn Station (1,2,3)",2023,2023-03-01,1,1082554
"Grand Central-42 St (S,4,5,6,7)",2021,2021-07-01,1,1082321
"34 St-Penn Station (A,C,E)",2023,2023-10-01,1,1263263
"Fulton St (A,C,J,Z,2,3,4,5)",2023,2023-09-01,1,1260465
"14 St-Union Sq (L,N,Q,R,W,4,5,6)",2023,2023-04-01,1,1330794
"34 St-Penn Station (1,2,3)",2023,2023-02-01,1,924645
Flushing-Main St (7),2022,2022-08-01,1,823760
"74-Broadway (7)/Jackson Hts-Roosevelt Av (E,F,M,R)",2021,2021-02-01,1,415901
"74-Broadway (7)/Jackson Hts-Roosevelt Av (E,F,M,R)",2023,2023-05-01,1,1027400
Flushing-Main St (7),2023,2023-01-01,1,846026
"74-Broadway (7)/Jackson Hts-Roosevelt Av (E,F,M,R)",2022,2022-10-01,1,830535
"34 St-Penn Station (A,C,E)",2022,2022-05-01,1,970689
"Times Sq-42 St (N,Q,R,W,S,1,2,3,7)/42 St (A,C,E)",2024,2024-10-01,1,2763018
"Times Sq-42 St (N,Q,R,W,S,1,2,3,7)/42 St (A,C,E)",2021,2021-10-01,1,1992386
"Fulton St (A,C,J,Z,2,3,4,5)",2021,2021-11-01,1,932551
"Grand Central-42 St (S,4,5,6,7)",2022,2022-08-01,1,1731603
"Times Sq-42 St (N,Q,R,W,S,1,2,3,7)/42 St (A,C,E)",2021,2021-08-01,1,1694314
"59 St-Columbus Circle (A,B,C,D,1)",2021,2021-02-01,1,347715
Flushing-Main St (7),2023,2023-06-01,1,975062
"14 St-Union Sq (L,N,Q,R,W,4,5,6)",2021,2021-12-01,1,1128632
"14 St-Union Sq (L,N,Q,R,W,4,5,6)",2022,2022-07-01,1,1059207
"59 St-Columbus Circle (A,B,C,D,1)",2022,2022-08-01,1,877483
"47-50 Sts-Rockefeller Ctr (B,D,F,M)",2021,2021-06-01,1,440601
"47-50 Sts-Rockefeller Ctr (B,D,F,M)",2020,2020-10-01,1,311606
"Grand Central-42 St (S,4,5,6,7)",2022,2022-02-01,1,1182706
"Fulton St (A,C,J,Z,2,3,4,5)",2022,2022-01-01,1,657670
"74-Broadway (7)/Jackson Hts-Roosevelt Av (E,F,M,R)",2023,2023-12-01,1,944632
"34 St-Herald Sq (B,D,F,M,N,Q,R,W)",2023,2023-11-01,1,1647475
"Times Sq-42 St (N,Q,R,W,S,1,2,3,7)/42 St (A,C,E)",2022,2022-09-01,1,2568091
"34 St-Penn Station (A,C,E)",2024,2024-06-01,1,1135079
"59 St-Columbus Circle (A,B,C,D,1)",2023,2023-11-01,1,1165461
"34 St-Penn Station (A,C,E)",2023,2023-04-01,1,1014848
"34 St-Penn Station (1,2,3)",2024,2024-04-01,1,1096260
"34 St-Penn Station (A,C,E)",2022,2022-08-01,1,1039937
Flushing-Main St (7),2021,2021-06-01,1,632592
"Fulton St (A,C,J,Z,2,3,4,5)",2021,2021-07-01,1,718255
"Grand Central-42 St (S,4,5,6,7)",2022,2022-10-01,1,1861649
"Grand Central-42 St (S,4,5,6,7)",2024,2024-04-01,1,2420889
"34 St-Herald Sq (B,D,F,M,N,Q,R,W)",2022,2022-03-01,1,1400065
Flushing-Main St (7),2021,2021-12-01,1,789474
"47-50 Sts-Rockefeller Ctr (B,D,F,M)",2024,2024-01-01,1,816665
"47-50 Sts-Rockefeller Ctr (B,D,F,M)",2024,2024-08-01,1,859606
"34 St-Penn Station (A,C,E)",2022,2022-01-01,1,637891
Flushing-Main St (7),2023,2023-04-01,1,848039
"34 St-Penn Station (A,C,E)",2022,2022-11-01,1,1116877
"14 St-Union Sq (L,N,Q,R,W,4,5,6)",2022,2022-09-01,1,1305753
"34 St-Penn Station (1,2,3)",2022,2022-05-01,1,916267
"34 St-Penn Station (1,2,3)",2021,2021-12-01,1,829340
"Grand Central-42 St (S,4,5,6,7)",2020,2020-12-01,1,595298
Flushing-Main St (7),2024,2024-06-01,1,918004
Flushing-Main St (7),2022,2022-12-01,1,864041
"74-Broadway (7)/Jackson Hts-Roosevelt Av (E,F,M,R)",2024,2024-04-01,1,1028299
"Grand Central-42 St (S,4,5,6,7)",2022,2022-07-01,1,1585425
Flushing-Main St (7),2021,2021-08-01,1,665357
"34 St-Penn Station (A,C,E)",2021,2021-05-01,1,542355
"74-Broadway (7)/Jackson Hts-Roosevelt Av (E,F,M,R)",2021,2021-03-01,1,544940
